Total_Queries,Elapsed_Time,Overall_QPS,Avg_Latency,p25,p50,p95,p99
9998,751.9208,13.3,0.750391,0.24878,0.361194,2.412968,4.283143
